Portaria;Publicação;Tipo;Assunto;Recurso;Efeito Financeiro - Número Parcela;Efeito Financeiro - Ano Parcela; Gestão Estadual - Anual (R$) ;Gestão Municipal - Anual (R$);Total das Portarias - Anual (R$)
GM 02059/2023;30/11/2023;Acréscimo;SAÚDE DA CRIANÇA;Média e Alta Complexidade;11;2023;0;108746,02;108746,02
GM 02012/2023;28/11/2023;Acréscimo;Incentivo CAPS I, II, III, i e ad;Saúde Mental-RAPS;11;2023;0;490080;490080
GM 01944/2023;24/11/2023;Acréscimo;UTI;Rede de Atenção às Urgências;10;2023; 738.783,36 ;527702,4;1266485,76
GM 01950/2023;24/11/2023;Acréscimo;Incentivo SAMU - Qualificação;SAMU;11;2023;0;563206,8;563206,8
GM 01070/2017;02/05/2017;Decréscimo;UTI;Rede de Atenção às Urgências;5;2017;-211.080,96 ;0;-211080,96
GM 01860/2023;20/11/2023;Acréscimo;Incentivo UPA - Qualificação;UPA;10;2023;0;3000000;3000000
GM 00576/2016;04/04/2016;Acréscimo;Incentivo PORTA ENTRADA HOSPITAL GERAL;Rede de Atenção às Urgências;5;2016; 1.200.000,00 ;0;1200000
GM 01683/2023;30/10/2023;Renovação;Incentivo UPA - Qualificação;UPA;10;2023; 1.950.000,00 ;0;1950000
GM 01631/2023;24/10/2023;Acréscimo;Incentivo SAMU;SAMU;8;2023;0;56384874;56384874
GM 01631/2023;24/10/2023;Acréscimo;Incentivo SAMU - Qualificação;SAMU;8;2023;0;15346219,98;15346219,98
GM 01627/2023;24/10/2023;Acréscimo;Incentivo RESIDENCIA TERAPEUTICA - SRT;Saúde Mental-RAPS;6;2023;0;167539,8;167539,8
GM 01602/2023;19/10/2023;Acréscimo;Incentivo SAÚDE DA PESSOA COM DEFICIENCIA;Viver sem Limite;10;2023; 840.000,00 ;4032000;4872000
GM 01461/2023;05/10/2023;Acréscimo;Incentivo EMAD I, EMAD II e EMAP;Melhor em Casa;9;2023;0;600000;600000
GM 01422/2023;02/10/2023;Desabilitação;UTI;Rede de Atenção às Urgências;11;2023;-1.728.000,00 ;0;-1728000
GM 01356/2023;28/09/2023;Acréscimo;AMPLIAÇÃO OFERTA DE SERVICO;Média e Alta Complexidade;9;2023;0;69235570,32;69235570,32
GM 01265/2023;13/09/2023;Desabilitação;ONCOLOGIA;Média e Alta Complexidade;10;2023;0;-319,48;-319,48
GM 01261/2023;13/09/2023;Acréscimo;Incentivo CAPS I, II, III, i e ad;Saúde Mental-RAPS;6;2023; 403.116,00 ;8897217;9300333
REM 02110/2023;04/09/2023;Remanejamento_Intra;DECISÃO CIB;Média e Alta Complexidade;10;2023;-22.278,99 ;22278,99;0
GM 01174/2023;28/08/2023;Acréscimo;TABELA DE PROCEDIMENTOS;Média e Alta Complexidade;9;2023;0;2714129,3;2714129,3
REM 02109/2023;14/08/2023;Remanejamento_Intra;DECISÃO CIB;Média e Alta Complexidade;9;2023;-11.873,20 ;11873,2;0
GM 01054/2023;02/08/2023;Acréscimo;AMPLIAÇÃO OFERTA DE SERVICO;Média e Alta Complexidade;9;2023; 183.470.049,87 ;0;183470049,9
GM 01054/2023;02/08/2023;Acréscimo;ONCOLOGIA;Média e Alta Complexidade;9;2023; 14.673.269,32 ;38818985,54;53492254,86
GM 00852/2023;18/07/2023;Acréscimo;Incentivo EMAD I, EMAD II e EMAP;Melhor em Casa;8;2023;0;408000;408000
GM 00857/2023;18/07/2023;Acréscimo;Incentivo EMAD I, EMAD II e EMAP;Melhor em Casa;8;2023;0;72000;72000
GM 00878/2023;18/07/2023;Acréscimo;UTI;Média e Alta Complexidade;8;2023; 1.971.000,00 ;0;1971000
GM 00946/2023;18/07/2023;Desabilitação;UTI;Média e Alta Complexidade;8;2023;-5.715.900,00 ;0;-5715900
GM 00854/2023;18/07/2023;Acréscimo;Incentivo EMAD I, EMAD II e EMAP;Melhor em Casa;6;2023;0;552000;552000
GM 00698/2023;13/06/2023;Acréscimo;SAÚDE DA CRIANÇA;Média e Alta Complexidade;6;2023; 535.858,88 ;0;535858,88
GM 00564/2023;10/05/2023;Acréscimo;UCO;Média e Alta Complexidade;6;2023; 2.628.000,00 ;0;2628000
GM 00554/2023;08/05/2023;Acréscimo;UTI;Média e Alta Complexidade;5;2023; 11.826.000,00 ;0;11826000
GM 00522/2023;28/04/2023;Acréscimo;Incentivo CAPS I, II, III, i e ad;Saúde Mental-RAPS;5;2023;0;339660;339660
GM 00468/2023;17/04/2023;Acréscimo;UTI;Média e Alta Complexidade;4;2023; 2.168.100,00 ;0;2168100
GM 00464/2023;13/04/2023;Acréscimo;UTI;Média e Alta Complexidade;4;2023; 3.942.000,00 ;0;3942000
GM 00339/2023;31/03/2023;Acréscimo;NEUROLOGIA;Média e Alta Complexidade;4;2023; 435.600,00 ;0;435600
GM 00353/2023;31/03/2023;Acréscimo;UCI;Média e Alta Complexidade;4;2023; 2.641.140,00 ;0;2641140
GM 00380/2023;31/03/2023;Acréscimo;UTI;Média e Alta Complexidade;4;2023; 788.400,00 ;0;788400
GM 00393/2023;31/03/2023;Acréscimo;SAÚDE DA CRIANÇA;Média e Alta Complexidade;4;2023; 124.462,02 ;0;124462,02
GM 00426/2023;31/03/2023;Decréscimo;NEUROLOGIA;Média e Alta Complexidade;3;2023;0;-196020;-196020
GM 00243/2023;16/03/2023;Acréscimo;UCO;Média e Alta Complexidade;3;2023;0;584000;584000
REM 02104/2023;10/03/2023;Remanejamento_Intra;DECISÃO CIB;Média e Alta Complexidade;4;2023;-66.501,52 ;66501,52;0
GM 00183/2023;27/02/2023;Acréscimo;Incentivo CEREST;Outros Incentivos;3;2023;0;360000;360000
GM 04671/2022;29/12/2022;Acréscimo;TABELA DE PROCEDIMENTOS;Média e Alta Complexidade;12;2022;0;110972,3;110972,3
GM 04441/2022;22/12/2022;Acréscimo;UCI;Rede Cegonha;12;2022; 197.100,00 ;0;197100
GM 04442/2022;22/12/2022;Acréscimo;ORGANIZAÇÕES DE PROCURA ÓRGÃOS TECIDOS;Média e Alta Complexidade;12;2022; 60.000,00 ;0;60000
GM 04445/2022;22/12/2022;Acréscimo;UCI;Rede Cegonha;12;2022; 473.040,00 ;0;473040
GM 04451/2022;22/12/2022;Acréscimo;UTI;Média e Alta Complexidade;12;2022; 3.153.600,00 ;0;3153600
GM 04455/2022;22/12/2022;Acréscimo;UCI;Média e Alta Complexidade;12;2022; 768.690,00 ;0;768690
GM 04460/2022;22/12/2022;Acréscimo;UTI;Média e Alta Complexidade;12;2022; 788.400,00 ;0;788400
GM 04409/2022;21/12/2022;Acréscimo;UCI;Média e Alta Complexidade;12;2022; 443.475,00 ;0;443475
GM 04269/2022;14/12/2022;Acréscimo;UTI;Média e Alta Complexidade;11;2022; 3.547.800,00 ;1971000;5518800
GM 04240/2022;08/12/2022;Acréscimo;SAÚDE DA CRIANÇA;Média e Alta Complexidade;12;2022; 190.695,76 ;0;190695,76
GM 04181/2022;05/12/2022;Acréscimo;U AVC;Rede de Atenção às Urgências;12;2022;0;1162965,55;1162965,55
GM 04190/2022;05/12/2022;Acréscimo;U AVC;Rede de Atenção às Urgências;12;2022;0;574875;574875
GM 04159/2022;02/12/2022;Acréscimo;ONCOLOGIA;Média e Alta Complexidade;12;2022; 942.419,11 ;1577683,6;2520102,71
GM 04018/2022;18/11/2022;Decréscimo;ALTERAÇÃO FORMA FINANCIAMENTO;Média e Alta Complexidade;12;2022;0;-2687599,17;-2687599,17
GM 03733/2022;05/10/2022;Acréscimo;UTI;Média e Alta Complexidade;11;2022;0;2759400;2759400
GM 03280/2022;17/08/2022;Acréscimo;UTI;Média e Alta Complexidade;11;2022;0;5913000;5913000
GM 03209/2022;08/08/2022;Acréscimo;UTI;Média e Alta Complexidade;8;2022; 18.133.200,00 ;5913000;24046200
GM 03210/2022;05/08/2022;Acréscimo;Incentivo EMAD I, EMAD II e EMAP;Melhor em Casa;8;2022;0;480000;480000
GM 01388/2022;10/06/2022;Acréscimo;TABELA DE PROCEDIMENTOS;Média e Alta Complexidade;7;2022; 4.838.034,32 ;6027755,57;10865789,89
REM 02107/2022;10/06/2022;Remanejamento_Intra;DECISÃO CIB;Média e Alta Complexidade;7;2022;-207.255,64 ;207255,64;0
GM 01365/2022;08/06/2022;Acréscimo;Incentivo SAUDE MENTAL;Saúde Mental-RAPS;7;2022;0;756000;756000
GM 01369/2022;08/06/2022;Acréscimo;SERVICO DE TRIAGEM NEONATAL;Média e Alta Complexidade;7;2022; 867.280,05 ;0;867280,05
GM 01098/2022;13/05/2022;Acréscimo;TABELA DE PROCEDIMENTOS;Média e Alta Complexidade;6;2022; 327.534,68 ;1524647,23;1852181,91
GM 00916/2022;27/04/2022;Acréscimo;Incentivo EMAD I, EMAD II e EMAP;Melhor em Casa;6;2022;0;480000;480000
REM 02105/2022;13/04/2022;Remanejamento_Intra;DECISÃO CIB;Média e Alta Complexidade;5;2022;-295.211,14 ;295211,14;0
GM 00638/2022;29/03/2022;Acréscimo;TABELA DE PROCEDIMENTOS;Média e Alta Complexidade;4;2022; 301.740,00 ;128400;430140
REM 02104/2022;10/03/2022;Remanejamento_Intra;DECISÃO CIB;Média e Alta Complexidade;4;2022;0;0;0
GM 00404/2022;25/02/2022;Acréscimo;UTI;Média e Alta Complexidade;3;2022; 12.748.953,60 ;7459219,94;20208173,54
GM 03552/2021;29/12/2021;Decréscimo;ENFERMARIA;Rede de Atenção às Urgências;2;2022;0;-930750;-930750
GM 03615/2021;29/12/2021;Decréscimo;ENFERMARIA;Rede de Atenção às Urgências;2;2022;0;-2978400;-2978400
GM 03412/2021;27/12/2021;Acréscimo;UTI;Média e Alta Complexidade;12;2021; 1.397.862,40 ;0;1397862,4
GM 03510/2021;27/12/2021;Acréscimo;Incentivo SAUDE MENTAL;Saúde Mental-RAPS;12;2021;0;1116000;1116000
GM 03516/2021;23/12/2021;Acréscimo;TABELA DE PROCEDIMENTOS;Média e Alta Complexidade;12;2021; 9.178,73 ;0;9178,73
GM 03609/2021;23/12/2021;Acréscimo;TABELA DE PROCEDIMENTOS;Média e Alta Complexidade;12;2021; 81,42 ;0;81,42
GM 03693/2021;21/12/2021;Decréscimo;TABELA DE PROCEDIMENTOS;Média e Alta Complexidade;6;2022;0;-2365856,35;-2365856,35
GM 03574/2021;21/12/2021;Acréscimo;TABELA DE PROCEDIMENTOS;Média e Alta Complexidade;12;2021; 576.911,50 ;40074,5;616986
GM 03438/2021;09/12/2021;Acréscimo;CARDIOVASCULAR;Média e Alta Complexidade;12;2021; 6.568,46 ;475740,62;482309,08
GM 03203/2021;19/11/2021;Acréscimo;TABELA DE PROCEDIMENTOS;Média e Alta Complexidade;12;2021; 14.333,81 ;108697,48;123031,29
GM 03174/2021;18/11/2021;Acréscimo;Incentivo EMAD I, EMAD II e EMAP;Melhor em Casa;11;2021;0;480000;480000
GM 03188/2021;18/11/2021;Acréscimo;Incentivo EMAD I, EMAD II e EMAP;Melhor em Casa;11;2021;0;1272000;1272000
GM 01938/2021;16/08/2021;Acréscimo;Incentivo EMAD I, EMAD II e EMAP;Melhor em Casa;9;2021;0;4080000;4080000
GM 01868/2021;11/08/2021;Acréscimo;CARDIOVASCULAR;Média e Alta Complexidade;9;2021; 5.340.337,62 ;0;5340337,62
GM 01747/2021;29/07/2021;Decréscimo;UTI;Média e Alta Complexidade;9;2021;-1.378.713,60 ;0;-1378713,6
GM 01747/2021;29/07/2021;Decréscimo;UTI;Rede de Atenção às Urgências;9;2021;-738.783,36 ;0;-738783,36
GM 00999/2021;20/05/2021;Acréscimo;Incentivo UPA;UPA;5;2021;0;3900000;3900000
GM 00999/2021;20/05/2021;Decréscimo;Incentivo UPA;UPA;5;2021;0;-900000;-900000
REM 02106/2021;13/05/2021;Remanejamento_Intra;DECISÃO CIB;Média e Alta Complexidade;6;2021;-110.583,04 ;110583,04;0
GM 03909/2020;31/12/2020;Acréscimo;ONCOLOGIA;Média e Alta Complexidade;1;2021; 6.015.919,00 ;0;6015919
GM 03777/2020;28/12/2020;Acréscimo;TABELA DE PROCEDIMENTOS;Média e Alta Complexidade;1;2021; 12.400,00 ;4133,33;16533,33
GM 03728/2020;23/12/2020;Acréscimo;TABELA DE PROCEDIMENTOS;Média e Alta Complexidade;1;2021; 15.118,97 ;15118,96;30237,93
GM 03605/2020;21/12/2020;Acréscimo;TERAPIA NUTRICIONAL;Média e Alta Complexidade;1;2021; 264.210,60 ;0;264210,6
GM 03615/2020;21/12/2020;Acréscimo;Incentivo EMAD I, EMAD II e EMAP;Melhor em Casa;1;2021;0;960000;960000
GM 03616/2020;21/12/2020;Acréscimo;Incentivo EMAD I, EMAD II e EMAP;Melhor em Casa;1;2021;0;72000;72000
GM 03495/2020;18/12/2020;Acréscimo;Incentivo EMAD I, EMAD II e EMAP;Melhor em Casa;1;2021;0;72000;72000
GM 03515/2020;18/12/2020;Acréscimo;Incentivo CAPS I, II, III, i e ad;Saúde Mental-RAPS;1;2021;0;339660;339660
GM 03528/2020;18/12/2020;Acréscimo;Incentivo EMAD I, EMAD II e EMAP;Melhor em Casa;1;2021;0;600000;600000
GM 03426/2020;16/12/2020;Acréscimo;TABELA DE PROCEDIMENTOS;Média e Alta Complexidade;1;2021; 897.802,33 ;2864329,18;3762131,51
GM 03050/2020;10/11/2020;Decréscimo;Incentivo UPA;UPA;12;2020;0;-3900000;-3900000
GM 02974/2020;29/10/2020;Acréscimo;Incentivo RESIDENCIA TERAPEUTICA - SRT;Saúde Mental-RAPS;12;2020;0;120000;120000
GM 02982/2020;29/10/2020;Acréscimo;Incentivo CAPS I, II, III, i e ad;Saúde Mental-RAPS;12;2020;0;679320;679320
GM 02983/2020;29/10/2020;Acréscimo;Incentivo CAPS I, II, III, i e ad;Saúde Mental-RAPS;12;2020;0;679320;679320
GM 02987/2020;29/10/2020;Acréscimo;Incentivo CAPS I, II, III, i e ad;Saúde Mental-RAPS;12;2020;0;339660;339660
REM 02106/2020;19/05/2020;Remanejamento_Intra;DECISÃO CIB;Média e Alta Complexidade;6;2020;-40.116,60 ;40116,6;0
GM 00562/2020;30/03/2020;Acréscimo;Incentivo UPA;UPA;4;2020;0;1560000;1560000
REM 02104/2020;18/03/2020;Remanejamento_Intra;DECISÃO CIB;Média e Alta Complexidade;4;2020;-22.861,00 ;22861;0
SAS 01423/2019;26/12/2019;Remanejamento_Intra;DECISÃO CIB;Média e Alta Complexidade;1;2020;-121.706,63 ;121706,63;0
GM 03654/2019;26/12/2019;Acréscimo;Incentivo EMAD I, EMAD II e EMAP;Melhor em Casa;1;2020;0;2208000;2208000
GM 03757/2019;26/12/2019;Acréscimo;ENFERMARIA;Rede de Atenção às Urgências;1;2020; 6.205.000,00 ;496400;6701400
GM 03701/2019;24/12/2019;Acréscimo;Incentivo RESIDENCIA TERAPEUTICA - SRT;Saúde Mental-RAPS;1;2020;0;120000;120000
GM 03542/2019;20/12/2019;Acréscimo;Incentivo CAPS I, II, III, i e ad;Saúde Mental-RAPS;1;2020;0;1688928;1688928
GM 03587/2019;20/12/2019;Acréscimo;TABELA DE PROCEDIMENTOS;Média e Alta Complexidade;1;2020; 3.225,82 ;0;3225,82
GM 03484/2019;19/12/2019;Acréscimo;UTI;Média e Alta Complexidade;12;2019; 1.397.862,40 ;0;1397862,4
GM 03349/2019;18/12/2019;Acréscimo;Incentivo CENTRO DE PARTO;Rede Cegonha;12;2019;0;1200000;1200000
GM 03355/2019;18/12/2019;Acréscimo;LEITO DE GESTANTE;Rede Cegonha;12;2019;0;1935960;1935960
GM 03396/2019;18/12/2019;Acréscimo;UTI;Média e Alta Complexidade;12;2019; 1.397.862,40 ;0;1397862,4
GM 03401/2019;18/12/2019;Acréscimo;Incentivo CASA DE GESTANTE;Rede Cegonha;12;2019; 720.000,00 ;0;720000
GM 03414/2019;18/12/2019;Acréscimo;UTI;Média e Alta Complexidade;12;2019; 1.258.076,16 ;0;1258076,16
GM 03441/2019;18/12/2019;Acréscimo;UTI;Média e Alta Complexidade;12;2019; 1.397.862,40 ;0;1397862,4
GM 03476/2019;18/12/2019;Acréscimo;Incentivo UPA;UPA;12;2019;0;900000;900000
SAS 01195/2019;15/10/2019;Remanejamento_Intra;DECISÃO CIB;Média e Alta Complexidade;11;2019;-1.362.346,24 ;1362346,24;0
SAES 01511/2019;24/09/2019;Remanejamento_Intra;DECISÃO CIB;Média e Alta Complexidade;10;2018;-863.112,79 ;863112,79;0
GM 01943/2019;22/08/2019;Acréscimo;UTI;Média e Alta Complexidade;9;2019; 2.795.724,80 ;0;2795724,8
GM 01695/2019;23/07/2019;Acréscimo;NEUROLOGIA;Média e Alta Complexidade;8;2019;0;196020;196020
GM 01864/2019;23/07/2019;Acréscimo;UTI;Média e Alta Complexidade;8;2019; 2.096.793,60 ;0;2096793,6
GM 01898/2019;23/07/2019;Acréscimo;NEUROLOGIA;Média e Alta Complexidade;8;2019; 853.617,00 ;0;853617
GM 01211/2019;05/06/2019;Acréscimo;AMPLIAÇÃO OFERTA DE SERVICO;Média e Alta Complexidade;7;2019;0;686686,41;686686,41
GM 00286/2019;14/03/2019;Acréscimo;UTI;Média e Alta Complexidade;3;2019; 2.343.813,12 ;0;2343813,12
GM 04403/2018;31/12/2018;Acréscimo;UTI;Média e Alta Complexidade;12;2018;0;698931,2;698931,2
GM 04405/2018;31/12/2018;Acréscimo;UTI;Rede de Atenção às Urgências;12;2018; 874.500,48 ;0;874500,48
GM 04089/2018;21/12/2018;Acréscimo;Incentivo IAEPI;Outros Incentivos;11;2019;0;166500;166500
GM 03676/2018;21/11/2018;Decréscimo;UTI;Média e Alta Complexidade;11;2018;-241.274,88 ;0;-241274,88
GM 03710/2018;20/11/2018;Acréscimo;Incentivo UPA;UPA;12;2018; 6.660.000,00 ;0;6660000
GM 03392/2018;22/10/2018;Decréscimo;Incentivo UPA;UPA;11;2018;-3.930.000,00 ;0;-3930000
GM 03395/2018;22/10/2018;Decréscimo;UTI;Média e Alta Complexidade;10;2018;-2.343.813,12 ;0;-2343813,12
GM 03157/2018;04/10/2018;Acréscimo;Incentivo IAEPI;Outros Incentivos;11;2019;0;64535,36;64535,36
GM 02687/2018;28/09/2018;Acréscimo;Incentivo IAEPI;Outros Incentivos;10;2019;0;139499,95;139499,95
GM 03032/2018;28/09/2018;Acréscimo;Incentivo UPA;UPA;11;2018;0;1560000;1560000
GM 02431/2018;28/09/2018;Acréscimo;Incentivo SAÚDE DA PESSOA COM DEFICIENCIA;Viver sem Limite;10;2018;0;1680000;1680000
SAS 01301/2018;28/08/2018;Remanejamento_Intra;DECISÃO CIB;Média e Alta Complexidade;9;2018; 26.559,50 ;-26559,5;0
GM 02416/2018;16/08/2018;Decréscimo;Incentivo HOSPITAIS FILANTRÓPICOS;Outros Incentivos;8;2018;0;-865079,31;-865079,31
GM 02329/2018;06/08/2018;Decréscimo;Incentivo UPA;UPA;8;2018;-2.730.000,00 ;0;-2730000
GM 01962/2018;02/07/2018;Decréscimo;Incentivo IAEPI;Outros Incentivos;7;2018;0;-156144;-156144
SAS 00698/2018;01/06/2018;Remanejamento_Intra;DECISÃO CIB;Média e Alta Complexidade;6;2018;-207.863,48 ;207863,48;0
GM 00849/2018;02/04/2018;Acréscimo;Incentivo IAEPI;Outros Incentivos;5;2019;0;510600;510600
GM 00864/2018;02/04/2018;Acréscimo;Incentivo IAEPI;Outros Incentivos;5;2019;0;135000;135000
GM 00865/2018;02/04/2018;Acréscimo;ONCOLOGIA;Média e Alta Complexidade;5;2018;0;9529,48;9529,48
GM 00807/2018;29/03/2018;Acréscimo;AMPLIAÇÃO OFERTA DE SERVICO;Média e Alta Complexidade;5;2018;0;74000;74000
GM 00779/2018;28/03/2018;Acréscimo;Incentivo UPA;UPA;5;2018;0;600000;600000
GM 00692/2018;26/03/2018;Remanejamento_Intra;HOSPITAL UNIVERSITÁRIO - HU;Média e Alta Complexidade;4;2018;-43.026.633,70 ;43026633,7;0
GM 00416/2018;02/03/2018;Decréscimo;Incentivo IAEPI;Outros Incentivos;3;2018;0;-156144;-156144
SAS 00228/2018;22/02/2018;Remanejamento_Intra;DECISÃO CIB;Média e Alta Complexidade;3;2018;-846.529,23 ;846529,23;0
GM 00164/2018;22/01/2018;Acréscimo;Incentivo SAUDE MENTAL;Saúde Mental-RAPS;2;2018; 501.078,45 ;5501704,04;6002782,49
GM 00015/2018;05/01/2018;Acréscimo;ALTERAÇÃO FORMA FINANCIAMENTO;Média e Alta Complexidade;2;2018; 781.701,00 ;1076674,6;1858375,6
GM 03852/2017;27/12/2017;Acréscimo;TABELA DE PROCEDIMENTOS;Saúde Mental-RAPS;12;2017;0;339600;339600
SAS 01898/2017;26/12/2017;Remanejamento_Intra;DECISÃO CIB;Média e Alta Complexidade;1;2018;-4.714.517,84 ;4714517,84;0
GM 03687/2017;26/12/2017;Acréscimo;TABELA DE PROCEDIMENTOS;Média e Alta Complexidade;1;2018; 181.247,53 ;509563,87;690811,4
GM 03679/2017;22/12/2017;Acréscimo;TABELA DE PROCEDIMENTOS;Viver sem Limite;12;2017;0;1680000;1680000
GM 03326/2017;08/12/2017;Acréscimo;Incentivo CENTRO DE PARTO;Rede Cegonha;12;2017;0;840000;840000
GM 03300/2017;07/12/2017;Acréscimo;Incentivo UPA;UPA;12;2017;0;2862600;2862600
GM 03011/2017;13/11/2017;Acréscimo;ALTERAÇÃO FORMA FINANCIAMENTO;Média e Alta Complexidade;12;2017; 8.486.650,61 ;1459211,42;9945862,03
GM 02887/2017;01/11/2017;Acréscimo;Incentivo CAPS I, II, III, i e ad;Saúde Mental-RAPS;9;2017;0;397035;397035
GM 02655/2017;11/10/2017;Acréscimo;ONCOLOGIA;Controle de Câncer;11;2017;0;2779092,03;2779092,03
SAS 01582/2017;10/10/2017;Remanejamento_Intra;DECISÃO CIB;Média e Alta Complexidade;11;2017;-2.826.461,84 ;2826461,84;0
SAS 01496/2017;25/09/2017;Remanejamento_Intra;DECISÃO CIB;Média e Alta Complexidade;10;2017;-5.422.376,42 ;5422376,42;0
GM 02248/2017;06/09/2017;Acréscimo;Incentivo UPA;UPA;9;2017;0;3900000;3900000
GM 01963/2017;23/08/2017;Acréscimo;Incentivo SAÚDE DA PESSOA COM DEFICIENCIA;Viver sem Limite;10;2017;0;2400000;2400000
GM 01953/2017;23/08/2017;Acréscimo;Incentivo SAÚDE DA PESSOA COM DEFICIENCIA;Viver sem Limite;9;2017; 2.400.000,00 ;3360000;5760000
SAS 01325/2017;17/08/2017;Remanejamento_Intra;DECISÃO CIB;Média e Alta Complexidade;9;2017;-17.810.890,91 ;17810890,91;0
SAES 01230/2017;31/07/2017;Remanejamento_Intra;DECISÃO CIB;Média e Alta Complexidade;8;2017;-500.464,80 ;500464,8;0
SAES 01230/2017;31/07/2017;Remanejamento_Intra;Incentivo CAPS I, II, III, i e ad;Saúde Mental-RAPS;8;2017;-2.226.862,88 ;2226862,88;0
GM 01758/2017;31/07/2017;Acréscimo;TABELA DE PROCEDIMENTOS;Média e Alta Complexidade;8;2017;0;44760,62;44760,62
GM 01728/2017;12/07/2017;Decréscimo;CARDIOVASCULAR;Média e Alta Complexidade;9;2017;0;-1083293,76;-1083293,76
GM 01355/2017;05/06/2017;Decréscimo;ENFERMARIA;Rede de Atenção às Urgências;6;2017;-10.114.150,00 ;-3412750;-13526900
GM 01269/2017;26/05/2017;Acréscimo;Incentivo UPA;UPA;7;2017;0;1560000;1560000
GM 01070/2017;02/05/2017;Decréscimo;ENFERMARIA;Rede de Atenção às Urgências;5;2017;0;-7321900;-7321900
GM 01444/2015;21/09/2015;Decréscimo;UCI;Rede Cegonha;10;2015;-2.280.960,00 ;0;-2280960
GM 01083/2017;02/05/2017;Decréscimo;UTI;Rede de Atenção às Urgências;5;2017;-1.230.137,60 ;0;-1230137,6
SAS 00502/2017;10/03/2017;Remanejamento_Intra;DECISÃO CIB;Média e Alta Complexidade;4;2017;-685.524,05 ;685524,05;0
GM 00027/2017;06/01/2017;Acréscimo;TERAPIA NUTRICIONAL;Média e Alta Complexidade;12;2016;0;470525,22;470525,22
GM 00022/2017;05/01/2017;Acréscimo;TABELA DE PROCEDIMENTOS;Média e Alta Complexidade;12;2016; 1.020,00 ;0;1020
GM 03450/2016;30/12/2016;Acréscimo;AMPLIAÇÃO OFERTA DE SERVICO;Média e Alta Complexidade;1;2017; 38.639,00 ;139849;178488
GM 03308/2016;30/12/2016;Acréscimo;ONCOLOGIA;Controle de Câncer;12;2016;0;8197,92;8197,92
GM 03399/2016;30/12/2016;Acréscimo;ONCOLOGIA;Média e Alta Complexidade;12;2016; 607.825,00 ;0;607825
GM 03424/2016;30/12/2016;Acréscimo;ONCOLOGIA;Controle de Câncer;12;2016;0;19079,16;19079,16
GM 03444/2016;30/12/2016;Acréscimo;ONCOLOGIA;Média e Alta Complexidade;12;2016; 23.004,68 ;283589,57;306594,25
GM 03333/2016;30/12/2016;Acréscimo;Incentivo SAÚDE DA PESSOA COM DEFICIENCIA;Viver sem Limite;10;2016;0;2400000;2400000
GM 02948/2016;27/12/2016;Acréscimo;UTI;Rede de Atenção às Urgências;12;2016;0;3833798,84;3833798,84
GM 02864/2016;26/12/2016;Acréscimo;Incentivo CAPS I, II, III, i e ad;Saúde Mental-RAPS;12;2016;0;339660;339660
GM 02200/2016;26/10/2016;Acréscimo;Incentivo UPA;UPA;10;2016;0;2730000;2730000
GM 01313/2016;22/07/2016;Acréscimo;AMPLIAÇÃO OFERTA DE SERVICO;Média e Alta Complexidade;8;2016;0;3000000;3000000
SAS 00894/2016;18/07/2016;Remanejamento_Intra;DECISÃO CIB;Média e Alta Complexidade;8;2016;-1.314.017,87 ;1314017,87;0
GM 00862/2016;28/04/2016;Acréscimo;AMPLIAÇÃO OFERTA DE SERVICO;Média e Alta Complexidade;5;2016;0;1000000;1000000
GM 00825/2016;26/04/2016;Acréscimo;EQUIPE MULTIPROFISSIONAL - EMAD I;Melhor em Casa;2;2016;0;6600000;6600000
GM 00825/2016;26/04/2016;Acréscimo;EQUIPE MULTIPROFISSIONAL - EMAD II;Melhor em Casa;2;2016;0;1224000;1224000
GM 00825/2016;26/04/2016;Acréscimo;EQUIPE MULTIPROFISSIONAL - EMAP;Melhor em Casa;2;2016;0;792000;792000
GM 00723/2016;15/04/2016;Acréscimo;TERAPIA NUTRICIONAL;Média e Alta Complexidade;5;2016; 245.586,60 ;0;245586,6
GM 00724/2016;15/04/2016;Acréscimo;NEUROLOGIA;Média e Alta Complexidade;5;2016;0;715180,2;715180,2
GM 00725/2016;15/04/2016;Acréscimo;TRAUMATO ORTOPEDIA;Média e Alta Complexidade;5;2016;0;366097,87;366097,87
GM 00726/2016;15/04/2016;Acréscimo;TRAUMATO ORTOPEDIA;Média e Alta Complexidade;5;2016; 316.108,32 ;0;316108,32
GM 00729/2016;15/04/2016;Acréscimo;ENFERMARIA;SOS Emergência;5;2016;0;2419950;2419950
SAS 00353/2016;08/04/2016;Remanejamento_Intra;DECISÃO CIB;Média e Alta Complexidade;5;2016; 140.687,79 ;-140687,79;0
GM 00621/2016;08/04/2016;Acréscimo;AMPLIAÇÃO OFERTA DE SERVICO;Média e Alta Complexidade;5;2016;0;6000000;6000000
GM 00623/2016;08/04/2016;Acréscimo;AMPLIAÇÃO OFERTA DE SERVICO;Média e Alta Complexidade;5;2016;0;5326694;5326694
GM 00574/2016;04/04/2016;Acréscimo;AMPLIAÇÃO OFERTA DE SERVICO;Média e Alta Complexidade;5;2016; 20.047.330,00 ;0;20047330
GM 00575/2016;04/04/2016;Acréscimo;AMPLIAÇÃO OFERTA DE SERVICO;Média e Alta Complexidade;5;2016;0;12000000;12000000
GM 00576/2016;04/04/2016;Acréscimo;ENFERMARIA;Rede de Atenção às Urgências;5;2016;0;2978400;2978400
GM 03113/2012;31/12/2012;Acréscimo;ONCOLOGIA;Rede RCA-RCAN;1;2013; 9.000.000,00 ;0;9000000
GM 00577/2016;04/04/2016;Acréscimo;Incentivo PORTA ENTRADA HOSPITAL GERAL;Rede de Atenção às Urgências;5;2016; 1.200.000,00 ;1200000;2400000
GM 00578/2016;04/04/2016;Acréscimo;ENFERMARIA;Rede de Atenção às Urgências;5;2016; 3.816.075,00 ;3040450;6856525
GM 00578/2016;04/04/2016;Acréscimo;Incentivo PORTA ENTRADA HOSPITAL GERAL;Rede de Atenção às Urgências;5;2016;0;2400000;2400000
GM 00559/2016;01/04/2016;Acréscimo;ONCOLOGIA;Rede RCA-RCAN;5;2016; 1.822.931,24 ;0;1822931,24
GM 00531/2016;31/03/2016;Acréscimo;Incentivo RESIDENCIA TERAPEUTICA - SRT;Saúde Mental-RAPS;4;2016;0;96000;96000
GM 00494/2016;24/03/2016;Acréscimo;AMPLIAÇÃO OFERTA DE SERVICO;Média e Alta Complexidade;4;2016; 43.902.027,42 ;0;43902027,42
GM 02158/2015;24/12/2015;Acréscimo;AMPLIAÇÃO OFERTA DE SERVICO;Média e Alta Complexidade;12;2015;0;12000000;12000000
GM 01647/2015;05/10/2015;Acréscimo;Incentivo CAPS I, II, III, i e ad;Saúde Mental-RAPS;11;2015;0;736695;736695
GM 01647/2015;05/10/2015;Acréscimo;Incentivo RESIDENCIA TERAPEUTICA - SRT;Saúde Mental-RAPS;11;2015;0;282000;282000
GM 01654/2015;05/10/2015;Acréscimo;Incentivo CAPS I, II, III, i e ad;Saúde Mental-RAPS;11;2015;0;669948;669948
GM 01444/2015;21/09/2015;Acréscimo;Incentivo CAPS I, II, III, i e ad;Saúde Mental-RAPS;10;2015;0;339660;339660
GM 01444/2015;21/09/2015;Acréscimo;UTI;Rede de Atenção às Urgências;10;2015;0;698931,2;698931,2
GM 03101/2012;31/12/2012;Acréscimo;UTI;Rede de Atenção às Urgências;11;2012; 3.060.673,92 ;1055404,8;4116078,72
GM 00961/2015;13/07/2015;Acréscimo;Incentivo RESIDENCIA MEDICA;Outros Incentivos;8;2015; 480.000,00 ;0;480000
GM 00789/2015;18/06/2015;Acréscimo;Incentivo CAPS I, II, III, i e ad;Saúde Mental-RAPS;7;2015;0;339660;339660
SAS 00020/2015;12/01/2015;Remanejamento_Intra;DECISÃO CIB;Média e Alta Complexidade;2;2015;-24.900.489,07 ;24900489,07;0
GM 00006/2015;08/01/2015;Acréscimo;Incentivo CAPS I, II, III, i e ad;Saúde Mental-RAPS;2;2015;0;339660;339660
SAS 00871/2014;15/09/2014;Remanejamento_Intra;DECISÃO CIB;Média e Alta Complexidade;10;2014;-1.288.777,59 ;1288777,59;0
SAS 00871/2014;15/09/2014;Remanejamento_Intra;REDES TEMÁTICAS;Rede de Atenção às Urgências;10;2014;-1.851.525,00 ;1851525;0
GM 02044/2014;15/09/2014;Acréscimo;ONCOLOGIA;Média e Alta Complexidade;10;2014; 383,18 ;0;383,18
GM 01367/2014;04/07/2014;Acréscimo;Incentivo CEREST;Outros Incentivos;8;2014; 480.000,00 ;1440000;1920000
GM 01412/2014;04/07/2014;Acréscimo;Incentivo CAPS I, II, III, i e ad;Saúde Mental-RAPS;8;2014;0;339660;339660
GM 01185/2014;02/06/2014;Acréscimo;UCI;Rede Cegonha;7;2014;0;459900;459900
GM 01185/2014;02/06/2014;Acréscimo;UTI;Rede Cegonha;7;2014;0;1160945,28;1160945,28
GM 00013/2014;08/01/2014;Acréscimo;Incentivo PORTA ENTRADA HOSPITAL GERAL;Rede de Atenção às Urgências;2;2014;0;1200000;1200000
GM 03256/2013;27/12/2013;Acréscimo;UTI;Rede de Atenção às Urgências;1;2014; 1.378.713,60 ;0;1378713,6
GM 03166/2013;23/12/2013;Acréscimo;Incentivo HOSPITAIS FILANTRÓPICOS;Outros Incentivos;9;2013;0;882196,89;882196,89
GM 03166/2013;23/12/2013;Acréscimo;MÉDIA COMPLEXIDADE;Média e Alta Complexidade;9;2013;0;24,2;24,2
GM 03053/2013;12/12/2013;Acréscimo;TABELA DE PROCEDIMENTOS;Média e Alta Complexidade;1;2014; 293.812,92 ;179244,36;473057,28
GM 02597/2013;01/11/2013;Acréscimo;AMPLIAÇÃO OFERTA DE SERVICO;Média e Alta Complexidade;10;2013;0;3217000,87;3217000,87
GM 02148/2013;27/09/2013;Acréscimo;UTI;Rede de Atenção às Urgências;10;2013; 1.378.713,60 ;0;1378713,6
GM 01732/2013;20/08/2013;Acréscimo;UTI;Rede de Atenção às Urgências;9;2013; 5.256.000,00 ;0;5256000
GM 01660/2013;09/08/2013;Acréscimo;ENFERMARIA;Rede de Atenção às Urgências;9;2013; 10.114.150,00 ;3412750;13526900
GM 01660/2013;09/08/2013;Acréscimo;Incentivo PORTA ENTRADA HOSPITAL GERAL;Rede de Atenção às Urgências;9;2013; 1.200.000,00 ;1200000;2400000
GM 01673/2013;09/08/2013;Acréscimo;ENFERMARIA;Rede de Atenção às Urgências;9;2013; 651.525,00 ;7756250;8407775
GM 01673/2013;09/08/2013;Acréscimo;Incentivo PORTA ENTRADA HOSPITAL ESPECIALIZADO;Rede de Atenção às Urgências;9;2013;0;2400000;2400000
GM 01673/2013;09/08/2013;Acréscimo;Incentivo PORTA ENTRADA HOSPITAL GERAL;Rede de Atenção às Urgências;9;2013; 1.200.000,00 ;1200000;2400000
GM 01673/2013;09/08/2013;Acréscimo;UTI;Rede de Atenção às Urgências;9;2013; 2.321.890,56 ;2532971,52;4854862,08
GM 01595/2013;05/08/2013;Acréscimo;LEITO CANGURU;Rede Cegonha;9;2013; 98.550,00 ;0;98550
GM 01595/2013;05/08/2013;Acréscimo;LEITO DE GESTANTE;Rede Cegonha;9;2013; 3.890.535,00 ;2252415;6142950
GM 01595/2013;05/08/2013;Acréscimo;UCI;Rede Cegonha;9;2013; 4.047.120,00 ;459900;4507020
GM 01595/2013;05/08/2013;Acréscimo;UTI;Rede Cegonha;9;2013; 5.382.564,48 ;1533980,03;6916544,51
GM 01328/2013;08/07/2013;Acréscimo;Incentivo CAPS I, II, III, i e ad;Saúde Mental-RAPS;8;2013;0;477360;477360
GM 01259/2013;26/06/2013;Acréscimo;Incentivo UPA;UPA;11;2012; 3.900.000,00 ;0;3900000
SAS 00623/2013;12/06/2013;Remanejamento_Intra;DECISÃO CIB;Média e Alta Complexidade;7;2013;-673.039,66 ;673039,66;0
GM 00675/2013;25/04/2013;Acréscimo;UCI;Rede Cegonha;5;2013; 2.280.960,00 ;0;2280960
GM 00676/2013;25/04/2013;Acréscimo;UTI;Rede de Atenção às Urgências;5;2013; 2.628.000,00 ;0;2628000
GM 00652/2013;23/04/2013;Acréscimo;UCI;Rede Cegonha;5;2013; 777.600,00 ;0;777600
GM 00373/2013;11/03/2013;Acréscimo;Incentivo CAPS I, II, III, i e ad;Saúde Mental-RAPS;3;2013; 339.660,00 ;757732,56;1097392,56
GM 00198/2013;13/02/2013;Acréscimo;ONCOLOGIA;Média e Alta Complexidade;2;2013; 10.037,52 ;413189,9;423227,42
GM 03113/2012;31/12/2012;Acréscimo;AMPLIAÇÃO OFERTA DE SERVICO;Rede RCA-RCAN;1;2013;0;3000000;3000000
GM 01932/2023;24/11/2023;Renovação;Incentivo UPA - Qualificação;UPA;11;2023; 1.950.000,00 ;0;1950000
GM 03172/2012;31/12/2012;Acréscimo;Incentivo HOSPITAIS FILANTRÓPICOS;Outros Incentivos;1;2013;0;1186673,91;1186673,91
GM 03101/2012;31/12/2012;Acréscimo;Incentivo PORTA ENTRADA HOSPITAL GERAL;Rede de Atenção às Urgências;11;2012;0;2400000;2400000
GM 03101/2012;31/12/2012;Acréscimo;Incentivo PORTA ENTRADA HOSPITAL GERAL;SOS Emergência;11;2012;0;1200000;1200000
GM 01791/2023;10/11/2023;Renovação;Incentivo UPA - Qualificação;UPA;11;2023; 1.500.000,00 ;0;1500000
GM 03101/2012;31/12/2012;Acréscimo;UTI;SOS Emergência;11;2012;0;1688647,68;1688647,68
GM 03125/2012;31/12/2012;Acréscimo;Incentivo UPA;UPA;11;2012; 630.000,00 ;0;630000
GM 03126/2012;31/12/2012;Acréscimo;Incentivo UPA;UPA;11;2012; 630.000,00 ;0;630000
GM 03129/2012;31/12/2012;Acréscimo;Incentivo UPA;UPA;11;2012; 630.000,00 ;0;630000
GM 03143/2012;31/12/2012;Acréscimo;Incentivo UPA;UPA;11;2012; 630.000,00 ;0;630000
GM 03157/2012;31/12/2012;Acréscimo;Incentivo UPA;UPA;7;2012; 630.000,00 ;0;630000
GM 02947/2012;24/12/2012;Acréscimo;TABELA DE PROCEDIMENTOS;Média e Alta Complexidade;2;2013; 40.704,58 ;4555298,14;4596002,72
GM 02948/2012;24/12/2012;Acréscimo;TABELA DE PROCEDIMENTOS;Média e Alta Complexidade;2;2013; 31.050,00 ;563212,5;594262,5
GM 02954/2012;24/12/2012;Acréscimo;TERAPIA NUTRICIONAL;Média e Alta Complexidade;1;2013;0;260693,16;260693,16
GM 02831/2012;17/12/2012;Acréscimo;SERVICO DE TRIAGEM NEONATAL;Média e Alta Complexidade;1;2013;0;1297780,74;1297780,74
GM 02602/2012;19/11/2012;Acréscimo;TABELA DE PROCEDIMENTOS;Média e Alta Complexidade;1;2013; 29.909,40 ;457004,11;486913,51
GM 02589/2012;14/11/2012;Acréscimo;Incentivo HOSPITAIS 100% SUS;Outros Incentivos;4;2012; 425.785,58 ;0;425785,58
GM 02431/2012;25/10/2012;Acréscimo;Incentivo CAPS I, II, III, i e ad;Saúde Mental-RAPS;11;2012; 339.660,00 ;397035;736695
GM 02302/2012;05/10/2012;Acréscimo;UTI;Rede de Atenção às Urgências;10;2012;0;1378713,6;1378713,6
GM 02109/2012;24/09/2012;Acréscimo;Incentivo SAÚDE DA PESSOA COM DEFICIENCIA;Viver sem Limite;11;2012; 53.816,90 ;317927,4;371744,3
GM 01760/2012;20/08/2012;Acréscimo;TABELA DE PROCEDIMENTOS;Média e Alta Complexidade;8;2012; 144.612,00 ;0;144612
GM 01569/2012;20/07/2012;Acréscimo;Incentivo CAPS I, II, III, i e ad;Saúde Mental-RAPS;7;2012; 339.660,00 ;0;339660
GM 01416/2012;09/07/2012;Acréscimo;Incentivo HOSPITAIS FILANTRÓPICOS;Outros Incentivos;2;2012; 135.332,59 ;1269610,08;1404942,67
GM 01360/2012;03/07/2012;Acréscimo;UTI;Rede de Atenção às Urgências;7;2012; 2.757.427,20 ;965099,52;3722526,72
GM 01208/2012;13/06/2012;Acréscimo;Incentivo UPA;UPA;5;2012; 2.100.000,00 ;0;2100000
GM 01209/2012;13/06/2012;Acréscimo;Incentivo UPA;UPA;4;2012; 1.200.000,00 ;0;1200000
GM 01207/2012;13/06/2012;Acréscimo;Incentivo UPA;UPA;3;2012; 2.100.000,00 ;0;2100000
GM 01153/2012;06/06/2012;Acréscimo;UTI;Rede Cegonha;6;2012; 413.614,08 ;0;413614,08
GM 01153/2012;06/06/2012;Acréscimo;UTI;Rede de Atenção às Urgências;6;2012; 413.614,08 ;551485,44;965099,52
GM 01111/2012;29/05/2012;Acréscimo;Incentivo CAPS I, II, III, i e ad;Saúde Mental-RAPS;5;2012;0;339660;339660
GM 00973/2012;17/05/2012;Acréscimo;UTI;Média e Alta Complexidade;5;2012; 2.343.813,12 ;0;2343813,12
GM 00974/2012;17/05/2012;Acréscimo;Incentivo UPA;UPA;5;2012; 3.000.000,00 ;0;3000000
GM 00916/2012;10/05/2012;Acréscimo;UTI;Rede de Atenção às Urgências;5;2012; 4.411.883,52 ;0;4411883,52
GM 00860/2012;04/05/2012;Acréscimo;Incentivo CAPS I, II, III, i e ad;Saúde Mental-RAPS;5;2012; 339.660,00 ;0;339660
GM 00797/2012;26/04/2012;Acréscimo;Incentivo UPA;UPA;5;2012; 2.100.000,00 ;0;2100000
GM 00800/2012;26/04/2012;Acréscimo;Incentivo UPA;UPA;5;2012; 2.100.000,00 ;0;2100000
GM 00802/2012;26/04/2012;Acréscimo;Incentivo UPA;UPA;5;2012; 2.100.000,00 ;0;2100000
SAS 00127/2012;16/02/2012;Remanejamento_Intra;DECISÃO CIB;Média e Alta Complexidade;3;2012;-1.707.409,41 ;1707409,41;0
GM 00032/2012;11/01/2012;Acréscimo;UTI;Média e Alta Complexidade;1;2012; 7.307.182,08 ;0;7307182,08
GM 03281/2011;31/12/2011;Acréscimo;QUEIMADOS;Média e Alta Complexidade;1;2012;0;1033,05;1033,05
GM 03163/2011;28/12/2011;Acréscimo;TABELA DE PROCEDIMENTOS;Média e Alta Complexidade;1;2012; 31.010,40 ;203239,2;234249,6
GM 03138/2011;27/12/2011;Acréscimo;TABELA DE PROCEDIMENTOS;Média e Alta Complexidade;1;2012;0;5895,55;5895,55
GM 03099/2011;26/12/2011;Acréscimo;Incentivo CAPS I, II, III, i e ad;Saúde Mental-RAPS;1;2012; 1.409.998,65 ;3190342,81;4600341,46
SAS 00887/2011;15/12/2011;Remanejamento_Intra;DECISÃO CIB;Média e Alta Complexidade;1;2012; 8.793.886,91 ;-8793886,91;0
GM 02506/2011;27/10/2011;Acréscimo;Incentivo HOSPITAIS FILANTRÓPICOS;Outros Incentivos;8;2011; 165.365,02 ;1378429,29;1543794,31
GM 02098/2011;06/09/2011;Acréscimo;ONCOLOGIA;Média e Alta Complexidade;9;2011;0;7415173,32;7415173,32
SAS 00447/2011;16/08/2011;Remanejamento_Intra;DECISÃO CIB;Média e Alta Complexidade;9;2011;-1.355.029,88 ;1355029,88;0
GM 01759/2011;01/08/2011;Acréscimo;Incentivo CAPS I, II, III, i e ad;Saúde Mental-RAPS;8;2011;0;645648;645648
GM 01274/2011;03/06/2011;Acréscimo;TABELA DE PROCEDIMENTOS;Média e Alta Complexidade;6;2011; 3.155,88 ;95345,96;98501,84
GM 01054/2011;09/05/2011;Acréscimo;SAÚDE AUDITIVA;Média e Alta Complexidade;5;2011;0;2130697,08;2130697,08
GM 01038/2011;05/05/2011;Acréscimo;UTI;Média e Alta Complexidade;5;2011; 275.742,72 ;0;275742,72
GM 01041/2011;05/05/2011;Acréscimo;ONCOLOGIA;Média e Alta Complexidade;5;2011; 4.398.637,56 ;0;4398637,56
GM 00168/2011;04/02/2011;Acréscimo;TABELA DE PROCEDIMENTOS;Média e Alta Complexidade;1;2011;0;51580;51580
SAS 00024/2011;27/01/2011;Remanejamento_Intra;DECISÃO CIB;Média e Alta Complexidade;2;2011;-787.549,68 ;787549,68;0
GM 04120/2010;24/12/2010;Acréscimo;TABELA DE PROCEDIMENTOS;Média e Alta Complexidade;1;2011; 48.142,59 ;1076266,12;1124408,71
SAS 00733/2010;24/12/2010;Remanejamento_Intra;DECISÃO CIB;Média e Alta Complexidade;12;2010; 9.630.497,43 ;-9630497,43;0
GM 04032/2010;20/12/2010;Acréscimo;TABELA DE PROCEDIMENTOS;Média e Alta Complexidade;1;2011; 3.164,63 ;269497,69;272662,32
GM 03769/2010;02/12/2010;Acréscimo;AMPLIAÇÃO OFERTA DE SERVICO;Média e Alta Complexidade;12;2010; 40.000.000,00 ;0;40000000
GM 03429/2010;12/11/2010;Acréscimo;CARDIOVASCULAR;Média e Alta Complexidade;12;2010;0;1058329,82;1058329,82
GM 03465/2010;12/11/2010;Acréscimo;Incentivo UPA;UPA;11;2010; 2.100.000,00 ;0;2100000
GM 02410/2010;26/08/2010;Acréscimo;ONCOLOGIA;Média e Alta Complexidade;10;2010;0;4834433,53;4834433,53
GM 02188/2010;03/08/2010;Acréscimo;AMPLIAÇÃO OFERTA DE SERVICO;Média e Alta Complexidade;8;2010; 16.310.730,00 ;0;16310730
SAS 00362/2010;02/08/2010;Remanejamento_Intra;DECISÃO CIB;Média e Alta Complexidade;8;2010; 1.165.711,61 ;-1165711,61;0
GM 01929/2010;20/07/2010;Acréscimo;HOSPITAL UNIVERSITARIO FEDERAL;Média e Alta Complexidade;2;2011; 6.827.555,87 ;0;6827555,87
GM 01841/2010;09/07/2010;Acréscimo;TABELA DE PROCEDIMENTOS;Média e Alta Complexidade;8;2010; 21.726,14 ;0;21726,14
GM 01651/2010;28/06/2010;Acréscimo;Incentivo CAPS I, II, III, i e ad;Saúde Mental-RAPS;7;2010; 261.648,00 ;0;261648
SAS 00181/2010;22/04/2010;Remanejamento_Intra;DECISÃO CIB;Média e Alta Complexidade;5;2010; 3.746.382,52 ;-3746382,52;0
GM 00877/2010;20/04/2010;Acréscimo;TABELA DE PROCEDIMENTOS;Média e Alta Complexidade;4;2010; 18.319,20 ;0;18319,2
GM 00706/2010;01/04/2010;Acréscimo;Incentivo CAPS I, II, III, i e ad;Saúde Mental-RAPS;4;2010;0;384000;384000
SAS 00133/2010;24/03/2010;Remanejamento_Intra;DECISÃO CIB;Média e Alta Complexidade;4;2010; 480.853,56 ;-480853,56;0
SAS 00132/2010;22/03/2010;Acréscimo;DECISÃO CIB;Média e Alta Complexidade;4;2010; 647.665,77 ;1800000;2447665,77
SAS 00077/2010;23/02/2010;Remanejamento_Intra;DECISÃO CIB;Média e Alta Complexidade;3;2010;-667.512,00 ;667512;0
GM 00161/2010;22/01/2010;Remanejamento_Intra;AJUSTE DE PROTOCOLO DE COOPERAÇÃO ENTRE ENTES PÚBLICOS;Média e Alta Complexidade;8;2010;-5.869.680,24 ;5869680,24;0
GM 03231/2009;22/12/2009;Acréscimo;UTI;Média e Alta Complexidade;1;2010;0;2481684,48;2481684,48
GM 03211/2009;21/12/2009;Acréscimo;UTI;Média e Alta Complexidade;1;2010;0;2895298,56;2895298,56
GM 02643/2009;03/11/2009;Acréscimo;Incentivo CAPS I, II, III, i e ad;Saúde Mental-RAPS;12;2009;0;384000;384000
GM 02646/2009;03/11/2009;Acréscimo;Incentivo CAPS I, II, III, i e ad;Saúde Mental-RAPS;12;2009;0;384000;384000
GM 02647/2009;30/10/2009;Acréscimo;Incentivo CAPS I, II, III, i e ad;Saúde Mental-RAPS;12;2009;0;1316195,93;1316195,93
GM 02627/2009;30/10/2009;Acréscimo;Incentivo CAPS I, II, III, i e ad;Saúde Mental-RAPS;10;2009; 384.000,00 ;0;384000
SAS 00318/2009;23/09/2009;Remanejamento_Intra;DECISÃO CIB;Média e Alta Complexidade;10;2009; 20.763.490,23 ;-20763490,23;0
GM 02194/2009;18/09/2009;Acréscimo;MÉDIA COMPLEXIDADE;Média e Alta Complexidade;10;2009; 94,19 ;17801,63;17895,82
GM 01946/2009;28/08/2009;Acréscimo;TABELA DE PROCEDIMENTOS;Média e Alta Complexidade;10;2009; 13.633,38 ;268190,17;281823,55
GM 01784/2009;10/08/2009;Acréscimo;TABELA DE PROCEDIMENTOS;Média e Alta Complexidade;9;2009; 45,17 ;418041,9;418087,07
SAS 00238/2009;21/07/2009;Remanejamento_Intra;DECISÃO CIB;Média e Alta Complexidade;8;2009;-3.181.851,48 ;3181851,48;0
SAS 00238/2009;21/07/2009;Remanejamento_Intra;Incentivo CAPS I, II, III, i e ad;Saúde Mental-RAPS;8;2009;-1.440.000,00 ;1440000;0
SAS 00210/2009;23/06/2009;Remanejamento_Intra;DECISÃO CIB;Média e Alta Complexidade;7;2009; 39.689.492,88 ;-39689492,88;0
GM 01195/2009;05/06/2009;Acréscimo;Incentivo CAPS I, II, III, i e ad;Saúde Mental-RAPS;7;2009;0;602699,52;602699,52
GM 01196/2009;05/06/2009;Acréscimo;Incentivo CAPS I, II, III, i e ad;Saúde Mental-RAPS;7;2009;0;288000;288000
GM 01197/2009;05/06/2009;Acréscimo;Incentivo CAPS I, II, III, i e ad;Saúde Mental-RAPS;8;2008; 261.648,00 ;0;261648
SAS 00106/2009;13/04/2009;Remanejamento_Intra;DECISÃO CIB;Média e Alta Complexidade;5;2009;-65.174.930,19 ;65174930,19;0
SAS 00086/2009;27/03/2009;Remanejamento_Intra;DECISÃO CIB;Média e Alta Complexidade;4;2009;-2.599.732,50 ;2599732,5;0
SAS 00020/2009;10/02/2009;Remanejamento_Intra;DECISÃO CIB;Média e Alta Complexidade;3;2009;-1.163.498,40 ;1163498,4;0
GM 00116/2009;30/01/2009;Acréscimo;AMPLIAÇÃO OFERTA DE SERVICO;Média e Alta Complexidade;1;2009; 65.454,24 ;0;65454,24
GM 03194/2008;31/12/2008;Acréscimo;TABELA DE PROCEDIMENTOS;Média e Alta Complexidade;1;2009; 4.475.300,68 ;17874959,35;22350260,03
GM 03150/2008;29/12/2008;Acréscimo;AMPLIAÇÃO OFERTA DE SERVICO;Média e Alta Complexidade;1;2009; 3.360.939,27 ;0;3360939,27
GM 03122/2008;26/12/2008;Acréscimo;AMPLIAÇÃO OFERTA DE SERVICO;Média e Alta Complexidade;1;2009; 19.844.746,90 ;0;19844746,9
GM 03127/2008;26/12/2008;Acréscimo;TABELA DE PROCEDIMENTOS;Média e Alta Complexidade;1;2009;0;3920276,28;3920276,28
GM 03130/2008;26/12/2008;Acréscimo;Incentivo HOSPITAIS FILANTRÓPICOS;Outros Incentivos;1;2009;-0,01 ;294690,25;294690,24
GM 03132/2008;26/12/2008;Acréscimo;Incentivo HOSPITAL UNIVERSITARIO FEDERAL;Outros Incentivos;1;2009;0;507953,09;507953,09
GM 03090/2008;24/12/2008;Acréscimo;Incentivo CAPS I, II, III, i e ad;Saúde Mental-RAPS;1;2009;0;644040;644040
GM 02867/2008;28/11/2008;Acréscimo;ALTERAÇÃO FORMA FINANCIAMENTO;Média e Alta Complexidade;12;2008; 2.722.542,48 ;17538694,65;20261237,13
GM 02867/2008;28/11/2008;Acréscimo;Incentivo SAUDE MENTAL;Saúde Mental-RAPS;12;2008; 3.207.094,20 ;16633757,7;19840851,9
GM 02860/2008;27/11/2008;Acréscimo;TERAPIA NUTRICIONAL;Média e Alta Complexidade;9;2008; 41.813,27 ;0;41813,27
SAS 00664/2008;18/11/2008;Remanejamento_Intra;DECISÃO CIB;Média e Alta Complexidade;12;2008; 33.986.459,24 ;-33986459,24;0
GM 02635/2008;07/11/2008;Acréscimo;TABELA DE PROCEDIMENTOS;Média e Alta Complexidade;12;2008; 1.153.561,41 ;0;1153561,41
GM 02541/2008;24/10/2008;Acréscimo;HOSPITAL UNIVERSITARIO FEDERAL;Média e Alta Complexidade;9;2008;0;6167407,56;6167407,56
GM 02373/2008;13/10/2008;Acréscimo;TABELA DE PROCEDIMENTOS;Média e Alta Complexidade;10;2008;0;35835,6;35835,6
GM 02298/2008;13/10/2008;Acréscimo;ONCOLOGIA;Média e Alta Complexidade;9;2008; 1.163.498,40 ;0;1163498,4
GM 02300/2008;13/10/2008;Acréscimo;UTI;Média e Alta Complexidade;9;2008;0;390712,32;390712,32
GM 02381/2008;13/10/2008;Acréscimo;AMPLIAÇÃO OFERTA DE SERVICO;Média e Alta Complexidade;9;2008; 1.079.751,60 ;0;1079751,6
GM 02076/2008;02/10/2008;Acréscimo;AMPLIAÇÃO OFERTA DE SERVICO;Média e Alta Complexidade;7;2008; 709.303,38 ;0;709303,38
SAS 00297/2008;23/05/2008;Remanejamento_Intra;DECISÃO CIB;Média e Alta Complexidade;6;2008;-74.186.072,47 ;74186072,47;0
GM 00762/2008;25/04/2008;Decréscimo;ALTERAÇÃO FORMA FINANCIAMENTO;Média e Alta Complexidade;5;2008;-1.041.120,00 ;0;-1041120
GM 00527/2008;24/03/2008;Acréscimo;TABELA DE PROCEDIMENTOS;Média e Alta Complexidade;2;2008; 267.392,02 ;1321883,59;1589275,61
SAS 00127/2008;03/02/2008;Remanejamento_Intra;DECISÃO CIB;Média e Alta Complexidade;2;2008; 12.723.679,86 ;-12723679,86;0
SAS 00045/2008;27/01/2008;Acréscimo;DECISÃO CIB;Média e Alta Complexidade;12;2007; 21.492,05 ;1329727,73;1351219,78
GM 03174/2007;12/12/2007;Acréscimo;TABELA DE PROCEDIMENTOS;Média e Alta Complexidade;12;2007; 252.017,08 ;1278661,02;1530678,1
GM 03175/2007;12/12/2007;Acréscimo;TABELA DE PROCEDIMENTOS;Média e Alta Complexidade;12;2007; 892.753,45 ;619620,44;1512373,89
SAS 00650/2007;06/12/2007;Acréscimo;AMPLIAÇÃO OFERTA DE SERVICO;Média e Alta Complexidade;10;2007; 57.836.987,93 ;0;57836987,93
GM 02924/2007;16/11/2007;Acréscimo;TABELA DE PROCEDIMENTOS;Média e Alta Complexidade;10;2007; 12.028,80 ;782076,93;794105,73
GM 02640/2007;17/10/2007;Acréscimo;TABELA DE PROCEDIMENTOS;Média e Alta Complexidade;10;2007; 9.153.891,02 ;34291875,34;43445766,36
GM 02485/2007;03/10/2007;Acréscimo;AMPLIAÇÃO OFERTA DE SERVICO;Média e Alta Complexidade;9;2007; 15.000.000,00 ;0;15000000
GM 01820/2007;01/08/2007;Acréscimo;TABELA DE PROCEDIMENTOS;Saúde Mental-RAPS;8;2007; 76.060,44 ;453054,12;529114,56
GM 01557/2007;28/06/2007;Acréscimo;Incentivo HOSPITAIS FILANTRÓPICOS;Outros Incentivos;7;2007;0;100561,41;100561,41
GM 01557/2007;28/06/2007;Acréscimo;Incentivo INTEGRASUS;Outros Incentivos;7;2007;0;52536,96;52536,96
GM 00852/2007;23/04/2007;Acréscimo;Incentivo HOSPITAIS FILANTRÓPICOS;Outros Incentivos;5;2007;0;269618,4;269618,4
GM 00852/2007;23/04/2007;Acréscimo;Incentivo INTEGRASUS;Outros Incentivos;5;2007;0;90404,88;90404,88
GM 00752/2007;11/04/2007;Acréscimo;Incentivo HOSPITAIS FILANTRÓPICOS;Outros Incentivos;4;2007;0;206769,08;206769,08
GM 00740/2007;09/04/2007;Acréscimo;AMPLIAÇÃO OFERTA DE SERVICO;Média e Alta Complexidade;4;2007; 3.719.744,00 ;0;3719744
GM 00717/2007;05/04/2007;Acréscimo;Incentivo HOSPITAIS FILANTRÓPICOS;Outros Incentivos;4;2007;0;165003,89;165003,89
GM 00717/2007;05/04/2007;Acréscimo;Incentivo INTEGRASUS;Outros Incentivos;4;2007;0;53663,28;53663,28
GM 00718/2007;05/04/2007;Acréscimo;Incentivo HOSPITAIS FILANTRÓPICOS;Outros Incentivos;4;2007;0;59938,93;59938,93
GM 00718/2007;05/04/2007;Acréscimo;Incentivo INTEGRASUS;Outros Incentivos;4;2007;0;44921,76;44921,76
GM 00719/2007;05/04/2007;Acréscimo;Incentivo HOSPITAIS FILANTRÓPICOS;Outros Incentivos;4;2007;0;671559,5;671559,5
GM 00719/2007;05/04/2007;Acréscimo;Incentivo INTEGRASUS;Outros Incentivos;4;2007;0;345941,88;345941,88
GM 02614/2006;31/10/2006;Acréscimo;UTI;Média e Alta Complexidade;10;2006;0;369290,88;369290,88
SAS 00763/2006;23/10/2006;Remanejamento_Intra;DECISÃO CIB;Média e Alta Complexidade;11;2006; 115.599,37 ;-115599,37;0
GM 02349/2006;06/10/2006;Acréscimo;TRAUMATO ORTOPEDIA;Média e Alta Complexidade;10;2006;0;954771,71;954771,71
SAS 00651/2006;19/09/2006;Remanejamento_Intra;DECISÃO CIB;Média e Alta Complexidade;10;2006; 406.676,46 ;-406676,46;0
SAS 00631/2006;30/08/2006;Remanejamento_Intra;DECISÃO CIB;Média e Alta Complexidade;9;2006;-1.936.413,12 ;1936413,12;0
GM 01280/2006;08/08/2006;Acréscimo;TABELA DE PROCEDIMENTOS;Média e Alta Complexidade;6;2006; 364.776,00 ;900882;1265658
SAS 00541/2006;19/07/2006;Remanejamento_Intra;DECISÃO CIB;Média e Alta Complexidade;8;2006; 94.672,01 ;-94672,01;0
GM 00625/2006;24/03/2006;Acréscimo;HOSPITAL UNIVERSITARIO FEDERAL;Média e Alta Complexidade;4;2006;0;4436349,96;4436349,96
SAS 00737/2005;15/12/2005;Remanejamento_Intra;DECISÃO CIB;Média e Alta Complexidade;12;2005; 222.270,01 ;-222270,01;0
GM 02305/2005;29/11/2005;Acréscimo;DECISAO CIT;Média e Alta Complexidade;11;2005; 4.807.273,00 ;14461540;19268813
GM 02181/2005;10/11/2005;Acréscimo;UTI;Média e Alta Complexidade;11;2005;0;615484,8;615484,8
GM 01515/2005;05/11/2005;Acréscimo;HOSPITAL UNIVERSITARIO FEDERAL;Média e Alta Complexidade;2;2006;0;1343350;1343350
SAS 00503/2005;28/09/2005;Remanejamento_Intra;DECISÃO CIB;Média e Alta Complexidade;10;2005;-1.317.277,24 ;1317277,24;0
GM 01614/2005;12/09/2005;Acréscimo;TABELA DE PROCEDIMENTOS;Média e Alta Complexidade;10;2005; 1.399.298,64 ;1844564,88;3243863,52
GM 01618/2005;12/09/2005;Acréscimo;TABELA DE PROCEDIMENTOS;Média e Alta Complexidade;10;2005;0;100845,6;100845,6
GM 01380/2005;16/08/2005;Acréscimo;CARDIOVASCULAR;Média e Alta Complexidade;5;2005;0;1008347,31;1008347,31
SAS 00401/2005;27/07/2005;Remanejamento_Intra;DECISÃO CIB;Média e Alta Complexidade;8;2005;-514.363,02 ;514363,02;0
GM 00907/2005;15/06/2005;Acréscimo;Incentivo HOSPITAIS DE ENSINO;Outros Incentivos;5;2005;0;1523859,26;1523859,26
SAS 00267/2005;27/05/2005;Remanejamento_Intra;DECISÃO CIB;Média e Alta Complexidade;6;2005;-1.108.340,34 ;1108340,34;0
SAS 00116/2005;23/02/2005;Remanejamento_Intra;DECISÃO CIB;Média e Alta Complexidade;3;2005;-614.747,56 ;614747,56;0
GM 02697/2004;24/12/2004;Acréscimo;Incentivo FIDEPS CONTRATUALIZAÇÃO;Outros Incentivos;1;2005;-6.402.576,00 ;6402576;0
GM 02697/2004;24/12/2004;Acréscimo;Incentivo HOSPITAL UNIVERSITARIO FEDERAL;Outros Incentivos;1;2005;0;3555671,62;3555671,62
GM 02697/2004;24/12/2004;Acréscimo;Incentivo IAEPI;Outros Incentivos;1;2005;0;156144;156144
SAS 00722/2004;08/12/2004;Remanejamento_Intra;DECISÃO CIB;Média e Alta Complexidade;1;2005; 15.982.772,77 ;-15982772,77;0
GM 02475/2004;07/11/2004;Acréscimo;DECISAO CIT;Média e Alta Complexidade;12;2004; 24.699.898,94 ;0;24699898,94
GM 02475/2004;07/11/2004;Acréscimo;DECISÃO CIB;Média e Alta Complexidade;12;2004;-51.190.296,53 ;51190296,53;0
GM 02475/2004;07/11/2004;Decréscimo;DECISÃO CIB;Média e Alta Complexidade;12;2004; 5.158.294,71 ;-5158294,71;0
GM 02127/2004;08/10/2004;Acréscimo;UTI;Média e Alta Complexidade;11;2004;0;2395376,64;2395376,64
GM 01954/2004;17/09/2004;Acréscimo;UTI;Média e Alta Complexidade;10;2004;0;397716,48;397716,48
GM 01407/2004;29/07/2004;Acréscimo;TABELA DE PROCEDIMENTOS;Média e Alta Complexidade;7;2004; 38.809,75 ;327702,51;366512,26
SAS 00375/2004;02/07/2004;Remanejamento_Intra;DECISÃO CIB;Média e Alta Complexidade;8;2004;-911.872,68 ;911872,68;0
GM 01141/2004;11/06/2004;Acréscimo;TABELA DE PROCEDIMENTOS;Média e Alta Complexidade;6;2004; 3.278.373,24 ;10456395,48;13734768,72
SAS 00098/2004;31/03/2004;Remanejamento_Intra;DECISÃO CIB;Média e Alta Complexidade;4;2004;0;0;0
GM 00358/2004;10/03/2004;Acréscimo;AMPLIAÇÃO OFERTA DE SERVICO;Saúde Mental-RAPS;3;2004;0;631023,12;631023,12
GM 00356/2004;09/03/2004;Decréscimo;DECISAO CIT;Média e Alta Complexidade;1;2004;-4.820.000,00 ;0;-4820000
SAS 00044/2004;20/02/2004;Remanejamento_Intra;DECISÃO CIB;Média e Alta Complexidade;3;2004; 50.427,12 ;-50427,12;0
SAS 00401/2003;18/12/2003;Remanejamento_Intra;DECISÃO CIB;Média e Alta Complexidade;12;2003;0;0;0
SAS 00396/2003;17/12/2003;Remanejamento_Intra;DECISÃO CIB;Média e Alta Complexidade;12;2003;-41.004,72 ;41004,72;0
GM 02362/2003;15/12/2003;Acréscimo;UTI;Média e Alta Complexidade;1;2004;-23.851,68 ;639365,28;615513,6
GM 02218/2003;20/11/2003;Acréscimo;TABELA DE PROCEDIMENTOS;Média e Alta Complexidade;12;2003; 260.788,56 ;2047271,28;2308059,84
GM 02207/2003;18/11/2003;Acréscimo;DECISAO CIT;Média e Alta Complexidade;12;2003; 10.080.060,00 ;4428000;14508060
GM 01723/2003;03/09/2003;Acréscimo;TABELA DE PROCEDIMENTOS;Média e Alta Complexidade;9;2003; 4.755.257,16 ;5937318;10692575,16
GM 01258/2003;10/07/2003;Decréscimo;TABELA DE PROCEDIMENTOS;Média e Alta Complexidade;2;2003; 600.003,84 ;-600003,84;0
GM 00654/2003;30/05/2003;Acréscimo;TABELA DE PROCEDIMENTOS;Média e Alta Complexidade;6;2003;0;4830845;4830845
GM 00333/2003;27/03/2003;Acréscimo;CAMPANHAS;Média e Alta Complexidade;4;2003; 275.040,00 ;0;275040
SAS 00023/2003;24/02/2003;Remanejamento_Intra;DECISÃO CIB;Média e Alta Complexidade;3;2003; 11.274,12 ;-11274,12;0
SAS 00010/2003;29/01/2003;Remanejamento_Intra;DECISÃO CIB;Média e Alta Complexidade;2;2003; 141.240,12 ;-141240,12;0
GM 99999/2002;31/12/2002;Limite Inicial;Limite Financeiro MAC até Jan/2003;Média e Alta Complexidade;1;2003; 61.507.962,66 ;211473165,2;272981127,8
SAS 01009/2002;21/12/2002;Remanejamento_Intra;DECISÃO CIB;Média e Alta Complexidade;3;2003;0;0;0
SAS 00528/2002;21/11/2002;Remanejamento_Intra;DECISÃO CIB;Média e Alta Complexidade;7;2003; 360.001,44 ;-360001,44;0
GM 02037/2002;05/11/2002;Decréscimo;TABELA DE PROCEDIMENTOS;Média e Alta Complexidade;2;2003; 1.080.003,48 ;-1080003,48;0
GM 01487/2002;22/08/2002;Remanejamento_Intra;DECISÃO CIB;Média e Alta Complexidade;3;2003; 600.000,00 ;-600000;0
;;;;;;;;;
;;;;;;;;;
;;;;;;;;;
;;;;;;;;;
